model,n_axes,mean,std
LDA,1,0.885771,0.00675105
LDA,2,0.885895,0.00751055
LDA,3,0.883186,0.0091128
LDA,4,0.887741,0.00828196
LDA,5,0.882078,0.00971088
LDA,6,0.883186,0.00903013
LDA,7,0.884909,0.00860364
LDA,8,0.88454,0.0079008
LDA,9,0.88294,0.00692513
LDA,10,0.955933,0.00351715
LDA,11,0.964303,0.00321032
LDA,12,0.965411,0.00241384
LDA,13,0.966395,0.00431677
LDA,14,0.981905,0.00208183
LDA,15,0.98092,0.00209993
LDA,16,0.983628,0.00322506
LDA,17,0.987813,0.00439715
LDA,18,0.989414,0.00305134
LDA,19,0.99323,0.00116929
LDA,20,0.99323,0.00116929
LDA,25,0.99323,0.00116929
LDA,30,0.992984,0.00114286
LDA,40,0.99323,0.00110041
LDA,60,0.996184,0.000815897
LDA,95,1,0
k-NN (15),1,0.889095,0.00737168
k-NN (15),2,0.932423,0.00341727
k-NN (15),3,0.958394,0.0040663
k-NN (15),4,0.96898,0.00386849
k-NN (15),5,0.992983,0.00143707
k-NN (15),6,0.996061,0.00114232
k-NN (15),7,0.997538,0.00129128
k-NN (15),8,0.99803,0.00157694
k-NN (15),9,0.998523,0.00138226
k-NN (15),10,0.998769,0.00110147
k-NN (15),11,0.998769,0.00110147
k-NN (15),12,0.999015,0.00126778
k-NN (15),13,0.998892,0.0011939
k-NN (15),14,0.998892,0.0011939
k-NN (15),15,0.999261,0.00071776
k-NN (15),16,0.999138,0.000627661
k-NN (15),17,0.998769,0.00110147
k-NN (15),18,0.999631,0.000492346
k-NN (15),19,0.999138,0.000627661
k-NN (15),20,0.999138,0.000627661
k-NN (15),25,0.999261,0.00071776
k-NN (15),30,0.999138,0.000627661
k-NN (15),40,0.999261,0.00071776
k-NN (15),60,0.999015,0.00100033
k-NN (15),95,0.999138,0.000627661
Random forest,1,0.825087,0.00548612
Random forest,2,0.92713,0.00858044
Random forest,3,0.965411,0.00489998
Random forest,4,0.978828,0.00254205
Random forest,5,0.997907,0.000834681
Random forest,6,0.998892,0.000460552
Random forest,7,0.999261,0.00071776
Random forest,8,0.999261,0.000717643
Random forest,9,0.999385,0.000550417
Random forest,10,0.999261,0.000460491
Random forest,11,0.999385,0.000550417
Random forest,12,0.999508,0.000717669
Random forest,13,0.999508,0.000460532
Random forest,14,0.999631,0.000492346
Random forest,15,0.999631,0.000492346
Random forest,16,0.999508,0.000460532
Random forest,17,0.999631,0.000492346
Random forest,18,0.999631,0.000301538
Random forest,19,0.999631,0.000492346
Random forest,20,0.999631,0.000492346
Random forest,25,0.999631,0.000492346
Random forest,30,0.999754,0.000492308
Random forest,40,0.999754,0.000492308
Random forest,60,0.999631,0.000492346
Random forest,95,1,0
