category,coordinate,contribution_pct,poisonous_pct,n_specimens
ring-type = large,1.78844,7.15286,100,1296
stalk-surface-below-ring = silky,1.26482,6.36011,93.75,2304
stalk-surface-above-ring = silky,1.20987,5.9912,93.9292,2372
odor = foul,1.23186,5.65588,100,2160
spore-print-color = chocolate,1.39032,5.44344,97.0588,1632
ring-type = pendant,-0.640762,2.81119,20.5645,3968
stalk-color-below-ring = buff,1.8607,2.58083,100,432
stalk-color-above-ring = buff,1.84904,2.5486,100,432
stalk-color-above-ring = brown,1.78305,2.45771,96.4286,448
odor = none,-0.611392,2.27559,3.40136,3528
bruises = bruises,-0.617478,2.22111,18.4834,3376
stalk-color-below-ring = brown,1.55387,2.13316,87.5,512
