axis,eigenvalue,inertia_pct,cumulative_inertia_pct,benzecri_pct,eta2_class
1,0.339692,7.50899,7.50899,23.4001,0.508647
2,0.33069,7.30999,14.819,21.9798,0.0862788
3,0.292176,6.45862,21.2776,16.4056,0.00221148
4,0.254784,5.63207,26.9097,11.7724,0.0133627
5,0.218974,4.84048,31.7501,8.05427,0.0260008
6,0.203439,4.49707,36.2472,6.66009,0.0011522
7,0.183134,4.04821,40.2954,5.03738,0.0242687
8,0.151454,3.34792,43.6433,2.95745,0.00214545
9,0.108563,2.39982,46.0432,1.01883,0.00187131
10,0.101819,2.25073,48.2939,0.805805,0.144627
11,0.0961489,2.1254,50.4193,0.646028,0.0472952
12,0.0890969,1.96951,52.3888,0.471916,0.00283017
13,0.0862772,1.90718,54.296,0.409935,0.00320192
14,0.072024,1.59211,55.8881,0.163376,0.0310041
15,0.0683857,1.51168,57.3998,0.118295,3.65943e-06
16,0.0590254,1.30477,58.7046,0.0356881,0.00111756
17,0.0574108,1.26908,59.9736,0.0262997,0.00436966
18,0.0563101,1.24475,61.2184,0.0207194,0.00752271
19,0.0551561,1.21924,62.4376,0.0155826,0.0060024
20,0.0489115,1.0812,63.5188,0.000458212,2.44237e-05
21,0.047619,1.05263,64.5715,1.35243e-29,1.17864e-30
22,0.047619,1.05263,65.6241,4.27916e-30,7.98099e-33
23,0.047619,1.05263,66.6767,2.97164e-30,8.19638e-32
24,0.047619,1.05263,67.7294,1.32073e-30,3.40387e-32
25,0.047619,1.05263,68.782,4.75463e-31,2.41268e-32
26,0.047619,1.05263,69.8346,2.11317e-31,1.51956e-31
27,0.047619,1.05263,70.8872,0,2.58563e-30
28,0.0468116,1.03478,71.922,0,0.000121764
29,0.0457635,1.01162,72.9336,0,7.5434e-08
30,0.0448562,0.991558,73.9252,0,2.24164e-07
31,0.0438266,0.968798,74.894,0,0.000176886
32,0.0430736,0.952153,75.8462,0,0.000278555
33,0.0424332,0.937997,76.7842,0,0.0015051
34,0.0417327,0.922512,77.7067,0,9.54391e-05
35,0.0410751,0.907977,78.6146,0,0.000112725
36,0.0403119,0.891106,79.5057,0,0.00239619
37,0.0400007,0.884227,80.39,0,1.35482e-05
38,0.0392336,0.867268,81.2572,0,0.00494668
39,0.0388226,0.858184,82.1154,0,0.000459016
40,0.0369239,0.816212,82.9316,0,0.000739169
41,0.0355082,0.784919,83.7166,0,0.000356312
42,0.0347805,0.768832,84.4854,0,0.000627662
43,0.0340364,0.752383,85.2378,0,5.94349e-05
44,0.0333885,0.738061,85.9758,0,0.00090013
45,0.0320234,0.707886,86.6837,0,0.000550133
46,0.0313394,0.692766,87.3765,0,2.65866e-05
47,0.030618,0.676819,88.0533,0,0.000241334
48,0.0304282,0.672623,88.7259,0,0.000338736
49,0.0295182,0.652508,89.3784,0,0.00351262
50,0.028628,0.632829,90.0113,0,0.000533301
51,0.0274121,0.605951,90.6172,0,0.00178932
52,0.0264486,0.584653,91.2019,0,0.00102723
53,0.0258566,0.571568,91.7734,0,4.52935e-05
54,0.0257259,0.568677,92.3421,0,0.00257825
55,0.0245741,0.543217,92.8853,0,0.00024524
56,0.0243725,0.538761,93.4241,0,0.000350106
57,0.0240241,0.531058,93.9552,0,2.41051e-06
58,0.0232249,0.513393,94.4685,0,0.000693624
59,0.0217795,0.481442,94.95,0,0.000983871
60,0.0205675,0.45465,95.4046,0,4.00362e-05
61,0.0194281,0.429464,95.8341,0,0.00386599
62,0.0188132,0.415871,96.25,0,0.00239419
63,0.0156458,0.345855,96.5958,0,0.0108239
64,0.0151714,0.335368,96.9312,0,0.000742032
65,0.0147272,0.325548,97.2567,0,0.00184106
66,0.0139303,0.307933,97.5647,0,1.18228e-06
67,0.0134746,0.29786,97.8625,0,2.75062e-05
68,0.0131218,0.290061,98.1526,0,6.23218e-05
69,0.0128655,0.284395,98.437,0,0.00035223
70,0.0112514,0.248714,98.6857,0,0.0102364
71,0.00983686,0.217446,98.9032,0,0.00641787
72,0.00964761,0.213263,99.1164,0,0.00125111
73,0.00879901,0.194504,99.3109,0,0.00490576
74,0.00741743,0.163964,99.4749,0,0.00645692
75,0.00605144,0.133769,99.6087,0,0.00148663
76,0.00557421,0.123219,99.7319,0,0.000477624
77,0.00367873,0.0813192,99.8132,0,0.000470633
78,0.00201967,0.0446454,99.8578,0,1.02543e-07
79,0.00180303,0.0398565,99.8977,0,0.0034075
80,0.00157489,0.0348134,99.9325,0,2.28298e-08
81,0.00119868,0.0264972,99.959,0,0.00262908
82,0.00091684,0.020267,99.9793,0,0.000414048
83,0.000726862,0.0160675,99.9953,0,1.98316e-06
84,0.000194442,0.0042982,99.9996,0,0.00101837
85,1.64302e-05,0.000363193,100,0,0.00103134
